vendor,name,dlcode,mgmt_code,lower,upper
カラフルボックスコンソーシアム,AI Works_保守・サポート,DL07-0001726,AIWorks005,120000,600000
カラフルボックスコンソーシアム,貿易クラウド_利用料,DL06-0000792-001,貿易001,600000,3000000
カラフルボックスコンソーシアム,AI Works_利用料,DL06-0001191-001,AIWorks001,120000,360000
カラフルボックスコンソーシアム,カンリル_初期設定,DL07-0001738,カンリル002,50000,150000
カラフルボックスコンソーシアム,カンリル_保守サポート,DL07-0001733,カンリル004,60000,125000
カラフルボックスコンソーシアム,カンリル_利用料,DL06-0029228-001,カンリル001,32509,325091
カラフルボックスコンソーシアム,カンリル_導入・活用コンサルティング,DL07-0001708,カンリル003,20000,150000
カラフルボックスコンソーシアム,社長メシ_スタンダードプラン,DL06-0029652-001,社長メシ001,1500000,1500000
カラフルボックスコンソーシアム,Scale人事評価_スタンダードプラン,DL07-0002412,Scale001,1920,12000
カラフルボックスコンソーシアム,せきなび_スタンダード,DL06-0002760-001,seknavi01,300000,360000
カラフルボックスコンソーシアム,Scale人事評価スタンダードプラン_初期設定,DL07-0020657,Scale002,80000,160000
カラフルボックスコンソーシアム,Scale人事評価スタンダードプラン_保守サポート,DL07-0020660,Scale004,120000,480000
カラフルボックスコンソーシアム,配車頭_利用料,DL07-0032513,配車頭01,20000,240000
カラフルボックスコンソーシアム,BENRINEKO_営業管理システム,DL07-0032695,BENRINEKO_01,500000,1500000
カラフルボックスコンソーシアム,AI Works_初期設定,DL07-0003894,AIWorks003,10000,200000
カラフルボックスコンソーシアム,Arole_利用料,DL07-0034331,ar001,1500000,2640000
カラフルボックスコンソーシアム,AI Works_導入活用コンサルティング,DL07-0003887,AIWorks002,100000,450000
カラフルボックスコンソーシアム,Scale人事評価_導入・活用コンサルティング,DL07-0020659,Scale003,300000,900000
カラフルボックスコンソーシアム,freee会計_スタータープラン,DL07-0007357,freee会計001,65760,65760
カラフルボックスコンソーシアム,PCセキュリティみまもりパック,DL07-0002804,pcsecurity,,
クラフトバンク,クラフトバンクオフィス プロフェッショナルプラン,DL04-0029552-004,クラフトバンクオフィス プロフェッショナルプラン,1080000,2160000
クラフトバンク,クラフトバンクオフィス エンタープライズプラン,DL04-0029554-004,クラフトバンクオフィス エンタープライズプラン,1350000,2700000
クラフトバンク,導入コンサルティング活用コンサルティング（クラフトバンクオフィス スタンダードプラン）,DL07-0000180,導入コンサルティング活用コンサルティング（クラフトバンクオフィス スタンダードプラン）,600000,1205000
クラフトバンク,導入コンサルティング（クラフトバンクオフィス プロフェッショナルプラン）,DL07-0000059,導入コンサルティング（クラフトバンクオフィス プロフェッショナルプラン）,800000,1600000
クラフトバンク,クラフトバンクオフィス スタンダードプラン,DL04-0029553-003,クラフトバンクオフィス スタンダードプラン,600000,1200000
クラフトバンク,導入コンサルティング（クラフトバンクオフィス スタンダードプラン）,DL07-0000025,導入コンサルティング（クラフトバンクオフィス スタンダードプラン）,400000,800000
クラフトバンク,初期設定（クラフトバンクオフィス プロフェッショナルプラン）,DL07-0000070,初期設定（クラフトバンクオフィス プロフェッショナルプラン）,1200000,1800000
クラフトバンク,初期設定（クラフトバンクオフィス スタンダードプラン）,DL07-0000036,初期設定（クラフトバンクオフィス スタンダードプラン）,600000,1200000
クラフトバンク,導入コンサルティング活用コンサルティング（クラフトバンクオフィス プロフェッショナルプラン,DL07-0001646,導入コンサルティング活用コンサルティング（クラフトバンクオフィス プロフェッショナルプラン,1000000,1805000
クラフトバンク,導入コンサルティング活用コンサルティング（プロフェッショナルプラン）,DL07-0004098,導入コンサルティング活用コンサルティング（プロフェッショナルプラン）,1000000,1920000
クラフトバンクコンソーシアム,★導入コンサルティング活用コンサルティング（クラフトバンクオフィス スタンダードプラン）,DL07-0001647,導入コンサルティング活用コンサルティング（クラフトバンクオフィス スタンダードプラン）,600000,1205000
クラフトバンクコンソーシアム,★導入コンサルティング活用コンサルティング（クラフトバンクオフィス プロフェッショナルプラン,DL07-0001648,導入コンサルティング活用コンサルティング（クラフトバンクオフィス プロフェッショナルプラン,1000000,1805000
クラフトバンクコンソーシアム,★初期設定（クラフトバンクオフィス プロフェッショナルプラン）,DL07-0000075,初期設定（クラフトバンクオフィス プロフェッショナルプラン）,1200000,1800000
クラフトバンクコンソーシアム,★初期設定（クラフトバンクオフィス スタンダードプラン）,DL07-0000044,初期設定（クラフトバンクオフィス スタンダードプラン）,600000,1200000
クラフトバンクコンソーシアム,★クラフトバンクオフィススタンダードプラン,DL06-0013205-001,1,600000,1200000
クラフトバンクコンソーシアム,★導入コンサルティング活用コンサルティング（スタンダードプラン）,DL07-0004102,導入コンサルティング活用コンサルティング（スタンダードプラン）,600000,1610000
クラフトバンクコンソーシアム,★導入コンサルティング（クラフトバンクオフィス プロフェッショナルプラン）,DL07-0000073,導入コンサルティング（クラフトバンクオフィス プロフェッショナルプラン）,800000,1600000
クラフトバンクコンソーシアム,★導入コンサルティング（クラフトバンクオフィススタンダードプラン）,DL07-0000042,導入コンサルティング（クラフトバンクオフィススタンダードプラン）,400000,800000
クラフトバンクコンソーシアム,★クラフトバンクオフィス プロフェッショナルプラン,DL06-0024445-001,2,1080000,2160000
クラフトバンクコンソーシアム,★クラフトバンクオフィス エンタープライズプラン,DL06-0024554-001,3,1350000,2700000
クラフトバンクコンソーシアム,★導入コンサルティング活用コンサルティング（プロフェッショナルプラン）,DL07-0004103,導入コンサルティング活用コンサルティング（プロフェッショナルプラン）,1000000,1920000
ピスケス,着信ポップアップCTI,DL06-0034655-001,PSA003,108000,120000
ピスケス,LINEコネクト,DL06-0033682-001,PLINE,64000,80000
ピスケス,ピスケスアポ,DL05-0024072-002,piscesapo2024,408000,480000
ピスケス,SMS,DL06-0034634-001,PKA002,64000,80000
いろはな,irohana visa ラージ,DL07-0019031,visa_l,597600,597600
いろはな,irohana match,DL07-0019032,match,357600,477600
いろはな,irohana visa スモール,DL07-0014825,visa_s,357600,357600
いろはな,irohana visa スタンダード,DL07-0019029,visa_m,477600,477600
いろはな,irohana visa ラージ導入設定等,DL07-0020470,導入設定等_visa_l,50000,150000
いろはな,irohana study スモール,DL07-0024780,study_s,237600,357600
いろはな,irohana 導入コンサルティング等,DL07-0019039,導入コンサルティング等,200000,200000
いろはな,irohana match導入設定等,DL07-0024779,導入設定等_match,50000,150000
いろはな,irohana visa スタンダード導入設定等,DL07-0020466,導入設定等_visa_m,50000,150000
いろはな,irohana visa スモール導入設定等,DL07-0019034,導入設定等_visa_s,50000,150000
いろはな,irohana study スモール導入設定等,DL07-0028059,導入設定等_study_s,50000,150000
いろはな,irohana study スタンダード導入設定等,DL07-0028061,導入設定等_study_m,50000,150000
いろはな,irohana study スタンダード,DL07-0024781,study_m,357600,477600
いろはな,irohana study ラージ,DL07-0027397,study_l,657600,777600
